{"inputs":{"app/entry.server.tsx":{"bytes":3990,"imports":[{"path":"node:stream","kind":"import-statement","external":true},{"path":"@remix-run/node","kind":"import-statement","external":true},{"path":"@remix-run/react","kind":"import-statement","external":true},{"path":"isbot","kind":"import-statement","external":true},{"path":"react-dom/server","kind":"import-statement","external":true},{"path":"react/jsx-runtime","kind":"import-statement","external":true}],"format":"esm"},"app/data/islands.ts":{"bytes":255,"imports":[],"format":"esm"},"app/tailwind.css":{"bytes":5797,"imports":[]},"app/root.tsx":{"bytes":1513,"imports":[{"path":"@remix-run/react","kind":"import-statement","external":true},{"path":"app/data/islands.ts","kind":"import-statement","original":"./data/islands"},{"path":"app/tailwind.css","kind":"import-statement","original":"./tailwind.css"},{"path":"react/jsx-runtime","kind":"import-statement","external":true}],"format":"esm"},"node_modules/remix-utils/build/react/use-hydrated.js":{"bytes":755,"imports":[{"path":"react","kind":"import-statement","external":true}],"format":"esm"},"node_modules/remix-utils/build/react/client-only.js":{"bytes":764,"imports":[{"path":"react","kind":"import-statement","external":true},{"path":"node_modules/remix-utils/build/react/use-hydrated.js","kind":"import-statement","original":"./use-hydrated.js"}],"format":"esm"},"empty-module:~/components/MapPane.client":{"bytes":20,"imports":[],"format":"cjs"},"app/routes/$island.tsx":{"bytes":1094,"imports":[{"path":"@remix-run/react","kind":"import-statement","external":true},{"path":"node_modules/remix-utils/build/react/client-only.js","kind":"import-statement","original":"remix-utils/client-only"},{"path":"empty-module:~/components/MapPane.client","kind":"import-statement","original":"~/components/MapPane.client"},{"path":"react/jsx-runtime","kind":"import-statement","external":true}],"format":"esm"},"app/routes/_index.tsx":{"bytes":679,"imports":[{"path":"@remix-run/react","kind":"import-statement","external":true},{"path":"react/jsx-runtime","kind":"import-statement","external":true}],"format":"esm"},"server-assets-manifest:@remix-run/dev/assets-manifest":{"bytes":1130,"imports":[],"format":"esm"},"server-entry-module:@remix-run/dev/server-build":{"bytes":1140,"imports":[{"path":"app/entry.server.tsx","kind":"import-statement","original":"/Users/jay/data/georgia-coast-atlas-frontend/app/entry.server.tsx"},{"path":"app/root.tsx","kind":"import-statement","original":"./root.tsx"},{"path":"app/routes/$island.tsx","kind":"import-statement","original":"./routes/$island.tsx"},{"path":"app/routes/_index.tsx","kind":"import-statement","original":"./routes/_index.tsx"},{"path":"server-assets-manifest:@remix-run/dev/assets-manifest","kind":"import-statement","original":"@remix-run/dev/assets-manifest"}],"format":"esm"},"server.ts":{"bytes":358,"imports":[{"path":"@remix-run/architect","kind":"import-statement","external":true},{"path":"server-entry-module:@remix-run/dev/server-build","kind":"import-statement","original":"@remix-run/dev/server-build"},{"path":"@remix-run/node","kind":"import-statement","external":true},{"path":"source-map-support","kind":"import-statement","external":true}],"format":"esm"}},"outputs":{"server/_assets/tailwind-2DUX7BUO.css":{"imports":[],"exports":[],"inputs":{"app/tailwind.css":{"bytesInOutput":5797}},"bytes":5797},"server/index.mjs":{"imports":[{"path":"@remix-run/architect","kind":"import-statement","external":true},{"path":"node:stream","kind":"import-statement","external":true},{"path":"@remix-run/node","kind":"import-statement","external":true},{"path":"@remix-run/react","kind":"import-statement","external":true},{"path":"isbot","kind":"import-statement","external":true},{"path":"react-dom/server","kind":"import-statement","external":true},{"path":"react/jsx-runtime","kind":"import-statement","external":true},{"path":"@remix-run/react","kind":"import-statement","external":true},{"path":"server/_assets/tailwind-2DUX7BUO.css","kind":"file-loader"},{"path":"react/jsx-runtime","kind":"import-statement","external":true},{"path":"@remix-run/react","kind":"import-statement","external":true},{"path":"react","kind":"import-statement","external":true},{"path":"react","kind":"import-statement","external":true},{"path":"react/jsx-runtime","kind":"import-statement","external":true},{"path":"@remix-run/react","kind":"import-statement","external":true},{"path":"react/jsx-runtime","kind":"import-statement","external":true},{"path":"@remix-run/node","kind":"import-statement","external":true},{"path":"source-map-support","kind":"import-statement","external":true}],"exports":["handler"],"entryPoint":"server.ts","inputs":{"empty-module:~/components/MapPane.client":{"bytesInOutput":132},"server.ts":{"bytesInOutput":287},"server-entry-module:@remix-run/dev/server-build":{"bytesInOutput":986},"app/entry.server.tsx":{"bytesInOutput":2767},"app/root.tsx":{"bytesInOutput":1797},"app/data/islands.ts":{"bytesInOutput":254},"app/tailwind.css":{"bytesInOutput":71},"app/routes/$island.tsx":{"bytesInOutput":1305},"node_modules/remix-utils/build/react/client-only.js":{"bytesInOutput":221},"node_modules/remix-utils/build/react/use-hydrated.js":{"bytesInOutput":182},"app/routes/_index.tsx":{"bytesInOutput":685},"server-assets-manifest:@remix-run/dev/assets-manifest":{"bytesInOutput":1079}},"bytes":11784}}}